<PAMDataset>
  <SRS>PROJCS["unnamed",GEOGCS["unnamed ellipse",DATUM["unknown",SPHEROID["unnamed",6370997,0]],PRIMEM["Greenwich",0],UNIT["degree",0.0174532925199433]],PROJECTION["Lambert_Azimuthal_Equal_Area"],PARAMETER["latitude_of_center",45],PARAMETER["longitude_of_center",-100],PARAMETER["false_easting",0],PARAMETER["false_northing",0],UNIT["Meter",1]]</SRS>
  <PAMRasterBand band="1">
    <NoDataValue>-3.27680000000000E+04</NoDataValue>
    <Metadata>
      <MDI key="STATISTICS_MAXIMUM">5500</MDI>
      <MDI key="STATISTICS_MEAN">nan</MDI>
      <MDI key="STATISTICS_MINIMUM">0</MDI>
      <MDI key="STATISTICS_STDDEV">nan</MDI>
    </Metadata>
  </PAMRasterBand>
</PAMDataset>
